{
  "n_folds": 5,
  "n_samples": 26000,
  "random_state": 42,
  "accuracy_mean": 0.992,
  "accuracy_std": 0.000774978526138848,
  "accuracy_per_fold": [
    0.990576923076923,
    0.9919230769230769,
    0.9926923076923077,
    0.9926923076923077,
    0.9921153846153846
  ],
  "precision_mean": 0.9921688633676047,
  "precision_std": 0.0014401326066641287,
  "precision_per_fold": [
    0.9896049896049897,
    0.9933166248955723,
    0.9937395659432388,
    0.9920965058236273,
    0.9920866305705955
  ],
  "recall_mean": 0.9905158069883526,
  "recall_std": 0.0009630479952404505,
  "recall_per_fold": [
    0.9900166389351082,
    0.9891846921797005,
    0.990432612312812,
    0.9920965058236273,
    0.9908485856905158
  ],
  "f1_mean": 0.9913408369836356,
  "f1_std": 0.0008352648768939273,
  "f1_per_fold": [
    0.9898107714701602,
    0.9912463526469362,
    0.9920833333333333,
    0.9920965058236273,
    0.9914672216441207
  ]
}