{
  "accuracy": 0.9915384615384616,
  "precision": 0.9900332225913622,
  "recall": 0.9916805324459235,
  "f1_score": 0.9908561928512053,
  "confusion_matrix": {
    "true_positives": 2384,
    "false_positives": 24,
    "true_negatives": 2772,
    "false_negatives": 20
  },
  "false_positive_rate": 0.008583690987124463,
  "roc_auc": 0.9914291780032801,
  "total_samples": 5200,
  "positive_samples": 2404,
  "negative_samples": 2796
}