threshold,precision,recall,f1_score,false_positive_rate,true_positives,false_positives,true_negatives,false_negatives
0.3,0.9900332225913622,0.9916805324459235,0.9908561928512053,0.008583690987124463,2384,24,2772,20
0.5,0.9900332225913622,0.9916805324459235,0.9908561928512053,0.008583690987124463,2384,24,2772,20
0.7,0.9900332225913622,0.9916805324459235,0.9908561928512053,0.008583690987124463,2384,24,2772,20
0.9,0.9900332225913622,0.9916805324459235,0.9908561928512053,0.008583690987124463,2384,24,2772,20
